stage,scaling,sampling,classifier,train_time_s,infer_time_s,accuracy,f1_weighted,f1_macro,auc
binary,standard,none,RandomForest,19.2202,2.3521,0.9999931852720099,0.9999931049678208,0.9892250972052935,0.9999999998949594
binary,standard,none,XGBoost,30.5991,2.1518,0.9999904593808138,0.9999903311080885,0.9923940120586572,0.9999999999190767
binary,standard,none,DecisionTree,2.0614,0.2724,0.9999768299248335,0.9999770090491398,0.9822900925775933,0.9999882926233465
binary,standard,none,NaiveBayes,0.344,1.1548,0.9979542186573623,0.9980535246315035,0.877321227213265,0.9984498568465641
binary,standard,none,LogisticRegression,78.3731,0.4268,0.9985389223189156,0.9987228777178726,0.7307234752780629,0.9992410054308252
binary,standard,none,KNN,0.2324,949.3887,0.9990200421150189,0.9990195212077817,0.9795915916101829,0.9997963931759148
binary,standard,none,SVM,3010.3774,2.8461,0.9968270626477944,0.9968211123247981,0.8424587544801524,0.9991197854795799
binary,standard,none,LDA,2.0052,0.385,0.9671380186859841,0.9670508508674981,0.9316970008721196,0.9963257313925509
binary,standard,none,Stacking,188.3781,5.084,0.9999373045024907,0.9999225761952921,0.7623778234832742,0.9999999995798091
binary,standard,none,Voting,36.5366,4.8929,0.9999904593808138,0.9999902778262901,0.9923113085108154,0.9999999999473682
binary,standard,none,ExtraTrees,15.3592,4.6102,0.9999836446528236,0.9999836156645925,0.9957077635992011,0.9999999996455715
binary,standard,none,HistGradientBoosting,4.4365,2.8438,0.9936064221996579,0.9964264735295059,0.5961904243291929,0.993982175514664
binary,standard,none,AdaBoost,66.1579,5.7646,0.9998487130386191,0.9997732381516801,0.5994757130597647,0.9999732595209245
binary,standard,none,MLP,34.9458,1.5819,0.9992694611594578,0.9992789889760072,0.8908219833109714,0.9999392623707887
