stage,scaling,sampling,classifier,class,precision,recall,f1,support
binary,standard,none,RandomForest,DDoS,0.999997404794901,1.0,0.9999987023957667,385325.0
binary,standard,none,RandomForest,DoS,1.0,1.0,1.0,330052.0
binary,standard,none,RandomForest,Normal,1.0,0.9578947368421052,0.978494623655914,95.0
binary,standard,none,RandomForest,Reconnaissance,0.9997804730805115,1.0,0.999890224490916,18217.0
binary,standard,none,RandomForest,Theft,1.0,0.9375,0.967741935483871,16.0
binary,standard,none,XGBoost,DDoS,1.0,1.0,1.0,385325.0
binary,standard,none,XGBoost,DoS,1.0,1.0,1.0,330052.0
binary,standard,none,XGBoost,Normal,0.9888888888888889,0.9368421052631579,0.9621621621621622,95.0
binary,standard,none,XGBoost,Reconnaissance,0.9996707276918011,0.9999451062194653,0.9998078981311233,18217.0
binary,standard,none,XGBoost,Theft,1.0,1.0,1.0,16.0
binary,standard,none,DecisionTree,DDoS,1.0,1.0,1.0,385325.0
binary,standard,none,DecisionTree,DoS,1.0,1.0,1.0,330052.0
binary,standard,none,DecisionTree,Normal,0.8979591836734694,0.9263157894736842,0.9119170984455959,95.0
binary,standard,none,DecisionTree,Reconnaissance,0.9996156802459646,0.9994510621946533,0.9995333644423705,18217.0
binary,standard,none,DecisionTree,Theft,1.0,1.0,1.0,16.0
binary,standard,none,NaiveBayes,DDoS,1.0,0.9970829818983975,0.9985393605934042,385325.0
binary,standard,none,NaiveBayes,DoS,0.9973278196943316,0.9996364209276114,0.9984807858755455,330052.0
binary,standard,none,NaiveBayes,Normal,0.2603550295857988,0.9263157894736842,0.4064665127020785,95.0
binary,standard,none,NaiveBayes,Reconnaissance,0.9799825460892331,0.9862765548663337,0.983119476895297,18217.0
binary,standard,none,NaiveBayes,Theft,1.0,1.0,1.0,16.0
binary,standard,none,LogisticRegression,DDoS,0.9995918929667822,0.9979783299811847,0.9987844597858779,385325.0
binary,standard,none,LogisticRegression,DoS,0.998471225743953,0.9993122295880649,0.9988915506479583,330052.0
binary,standard,none,LogisticRegression,Normal,0.1761006289308176,0.8842105263157894,0.2937062937062937,95.0
binary,standard,none,LogisticRegression,Reconnaissance,0.999669930685444,0.99752977987594,0.9985987086138206,18217.0
binary,standard,none,LogisticRegression,Theft,0.35294117647058826,0.375,0.36363636363636365,16.0
binary,standard,none,KNN,DDoS,0.9996985854302434,0.9984714202296763,0.9990846260015555,385325.0
binary,standard,none,KNN,DoS,0.9982179811450909,0.9996455104044211,0.9989312357699947,330052.0
binary,standard,none,KNN,Normal,1.0,0.8736842105263158,0.9325842696629213,95.0
binary,standard,none,KNN,Reconnaissance,0.9992320772310899,1.0,0.9996158911325724,18217.0
binary,standard,none,KNN,Theft,1.0,0.9375,0.967741935483871,16.0
binary,standard,none,SVM,DDoS,0.999129641693811,0.9950457406085772,0.9970835094106557,385325.0
binary,standard,none,SVM,DoS,0.9940369599951765,0.9990304558069637,0.9965274524678056,330052.0
binary,standard,none,SVM,Normal,0.9041095890410958,0.6947368421052632,0.7857142857142857,95.0
binary,standard,none,SVM,Reconnaissance,0.9996146435452794,0.9967612669484548,0.9981859161123633,18217.0
binary,standard,none,SVM,Theft,0.7142857142857143,0.3125,0.43478260869565216,16.0
binary,standard,none,LDA,DDoS,0.9478306361434192,0.9920975799649646,0.9694590475320993,385325.0
binary,standard,none,LDA,DoS,0.990242136026867,0.9362494394822634,0.9624891762756421,330052.0
binary,standard,none,LDA,Normal,1.0,0.7578947368421053,0.8622754491017964,95.0
binary,standard,none,LDA,Reconnaissance,0.99890320811626,0.9998902124389306,0.9993964665861955,18217.0
binary,standard,none,LDA,Theft,0.7619047619047619,1.0,0.8648648648648649,16.0
binary,standard,none,Stacking,DDoS,0.9999636683543581,1.0,0.999981833847176,385325.0
binary,standard,none,Stacking,DoS,0.9999666730290884,1.0,0.9999833362368679,330052.0
binary,standard,none,Stacking,Normal,1.0,0.6842105263157895,0.8125,95.0
binary,standard,none,Stacking,Reconnaissance,0.9988485579559162,1.0,0.9994239473323275,18217.0
binary,standard,none,Stacking,Theft,0.0,0.0,0.0,16.0
binary,standard,none,Voting,DDoS,1.0,1.0,1.0,385325.0
binary,standard,none,Voting,DoS,1.0,1.0,1.0,330052.0
binary,standard,none,Voting,Normal,1.0,0.9263157894736842,0.9617486338797814,95.0
binary,standard,none,Voting,Reconnaissance,0.9996158911325724,1.0,0.9998079086742955,18217.0
binary,standard,none,Voting,Theft,1.0,1.0,1.0,16.0
binary,standard,none,ExtraTrees,DDoS,0.9999896192065441,0.9999948095763317,0.9999922143847029,385325.0
binary,standard,none,ExtraTrees,DoS,0.999987880697587,0.999987880697587,0.999987880697587,330052.0
binary,standard,none,ExtraTrees,Normal,0.989247311827957,0.968421052631579,0.9787234042553191,95.0
binary,standard,none,ExtraTrees,Reconnaissance,0.999835318658396,0.999835318658396,0.999835318658396,18217.0
binary,standard,none,ExtraTrees,Theft,1.0,1.0,1.0,16.0
binary,standard,none,HistGradientBoosting,DDoS,0.999624598202764,0.995121001751768,0.9973677160254593,385325.0
binary,standard,none,HistGradientBoosting,DoS,0.9997684416427237,0.9941918243185922,0.9969723347658914,330052.0
binary,standard,none,HistGradientBoosting,Normal,0.007863695937090432,0.06315789473684211,0.013986013986013986,95.0
binary,standard,none,HistGradientBoosting,Reconnaissance,0.9891032917139614,0.956688807158149,0.9726260568685995,18217.0
binary,standard,none,HistGradientBoosting,Theft,0.0,0.0,0.0,16.0
binary,standard,none,AdaBoost,DDoS,0.9999584783347736,1.0,0.9999792387363657,385325.0
binary,standard,none,AdaBoost,DoS,1.0,1.0,1.0,330052.0
binary,standard,none,AdaBoost,Normal,0.0,0.0,0.0,95.0
binary,standard,none,AdaBoost,Reconnaissance,0.9948121450415028,1.0,0.9973993265624572,18217.0
binary,standard,none,AdaBoost,Theft,0.0,0.0,0.0,16.0
binary,standard,none,MLP,DDoS,0.9998726965214974,0.9987880360734445,0.999330071978313,385325.0
binary,standard,none,MLP,DoS,0.9987349434053628,0.9998485087198381,0.9992914158359476,330052.0
binary,standard,none,MLP,Normal,0.6131386861313869,0.8842105263157894,0.7241379310344828,95.0
binary,standard,none,MLP,Reconnaissance,0.9996706192358367,0.9996157435362574,0.9996431806329427,18217.0
binary,standard,none,MLP,Theft,0.6,0.9375,0.7317073170731707,16.0
